title,other_title,director,actors,year,area,genre,rating,rating_people,quote,detail_url
肖申克的救赎,/ 月黑高飞(港)  /  刺激1995(台),弗兰克·德拉邦特 Frank Darabont,蒂姆·罗宾斯 Tim Robbins /...,1994,美国,犯罪 剧情,9.7,0,,https://movie.douban.com/subject/1292052/
霸王别姬,/ 再见，我的妾  /  Farewell My Concubine,陈凯歌 Kaige Chen,张国荣 Leslie Cheung / 张丰毅 Fengyi Zha...,1993,中国大陆 中国香港,剧情 爱情 同性,9.6,0,,https://movie.douban.com/subject/1291546/
泰坦尼克号,/ 铁达尼号(港 / 台),詹姆斯·卡梅隆 James Cameron,莱昂纳多·迪卡普里奥 Leonardo...,1997,美国,剧情 爱情 灾难,9.5,0,,https://movie.douban.com/subject/1292722/
阿甘正传,/ 福雷斯特·冈普,罗伯特·泽米吉斯 Robert Zemeckis,汤姆·汉克斯 Tom Hanks / ...,1994,美国,剧情 爱情,9.5,0,,https://movie.douban.com/subject/1292720/
千与千寻,/ 神隐少女(台)  /  千与千寻的神隐,宫崎骏 Hayao Miyazaki,柊瑠美 Rumi Hîragi / 入野自由 Miy...,2001,日本,剧情 动画 奇幻,9.4,0,,https://movie.douban.com/subject/1291561/
美丽人生,/ 一个快乐的传说(港)  /  Life Is Beautiful,罗伯托·贝尼尼 Roberto Benigni,罗伯托·贝尼尼 Roberto Beni...,1997,意大利,剧情 喜剧 爱情 战争,9.5,0,,https://movie.douban.com/subject/1292063/
星际穿越,/ 星际启示录(港)  /  星际效应(台),克里斯托弗·诺兰 Christopher Nolan,马修·麦康纳 Matthew Mc...,2014,美国 英国 加拿大,剧情 科幻 冒险,9.4,0,,https://movie.douban.com/subject/1889243/
这个杀手不太冷,/ 终极追杀令(台)  /  杀手莱昂,吕克·贝松 Luc Besson,让·雷诺 Jean Reno / 娜塔莉·波特曼 ...,1994,法国 美国,剧情 动作 犯罪,9.4,0,,https://movie.douban.com/subject/1295644/
盗梦空间,/ 潜行凶间(港)  /  全面启动(台),克里斯托弗·诺兰 Christopher Nolan,莱昂纳多·迪卡普里奥 Le...,2010,美国 英国,剧情 科幻 悬疑 冒险,9.4,0,,https://movie.douban.com/subject/3541415/
楚门的世界,/ 真人Show(港)  /  真人戏,彼得·威尔 Peter Weir,金·凯瑞 Jim Carrey / 劳拉·琳妮 Lau...,1998,美国,剧情 科幻,9.4,0,,https://movie.douban.com/subject/1292064/
辛德勒的名单,/ 舒特拉的名单(港)  /  辛德勒名单,史蒂文·斯皮尔伯格 Steven Spielberg,连姆·尼森 Liam Neeson...,1993,美国,剧情 历史 战争,9.5,0,,https://movie.douban.com/subject/1295124/
忠犬八公的故事,/ 秋田犬八千(港)  /  忠犬小八(台),莱塞·霍尔斯道姆 Lasse Hallström,理查·基尔 Richard Ger...,2009,美国 英国,剧情,9.4,0,,https://movie.douban.com/subject/3011091/
海上钢琴师,/ 声光伴我飞(港)  /  一九零零的传奇,朱塞佩·托纳多雷 Giuseppe Tornatore,蒂姆·罗斯 Tim Roth / ...,1998,意大利,剧情 音乐,9.3,0,,https://movie.douban.com/subject/1292001/
疯狂动物城,/ 优兽大都会(港)  /  动物方城市(台),拜伦·霍华德 Byron Howard / 瑞奇·摩尔 Rich Moore,金妮弗·...,2016,美国,喜剧 动画 冒险,9.3,0,,https://movie.douban.com/subject/25662329/
三傻大闹宝莱坞,/ 三个傻瓜(台)  /  作死不离3兄弟(港),拉库马·希拉尼 Rajkumar Hirani,阿米尔·汗 Aamir Khan / 卡...,2009,印度,剧情 喜剧 爱情 歌舞,9.2,0,,https://movie.douban.com/subject/3793023/
机器人总动员,/ 太空奇兵·威E(港)  /  瓦力(台),安德鲁·斯坦顿 Andrew Stanton,本·贝尔特 Ben Burtt / 艾丽...,2008,美国,科幻 动画 冒险,9.3,0,,https://movie.douban.com/subject/2131459/
放牛班的春天,/ 歌声伴我心(港)  /  唱诗班男孩,克里斯托夫·巴拉蒂 Christophe Barratier,让-巴蒂斯特·莫尼...,2004,法国 瑞士 德国,剧情 音乐,9.3,0,,https://movie.douban.com/subject/1291549/
无间道,/ Infernal Affairs  /  Mou gaan dou,刘伟强 / 麦兆辉,刘德华 Andy Lau / 梁朝伟 Tony Leung Chiu W...,2002,中国香港,剧情 犯罪 惊悚,9.3,0,,https://movie.douban.com/subject/1307914/
控方证人,/ 雄才伟略  /  情妇,比利·怀尔德 Billy Wilder,泰隆·鲍华 Tyrone Power / 玛琳·...,1957,美国,剧情 犯罪 悬疑 惊悚,9.6,0,,https://movie.douban.com/subject/1296141/
寻梦环游记,/ 玩转极乐园(港)  /  可可夜总会(台),李·昂克里奇 Lee Unkrich / 阿德里安·莫利纳 Adrian Molina,...,2017,美国,喜剧 动画 奇幻 音乐,9.1,0,,https://movie.douban.com/subject/20495023/
大话西游之大圣娶亲,/ 西游记完结篇仙履奇缘  /  齐天大圣西游记,刘镇伟 Jeffrey Lau,周星驰 Stephen Chow / 吴孟达 Man Tat Ng...,1995,中国香港 中国大陆,喜剧 爱情 奇幻 古装,9.2,0,,https://movie.douban.com/subject/1292213/
熔炉,/ 无声呐喊(港)  /  漩涡,黄东赫 Dong-hyuk Hwang,孔侑 Yoo Gong / 郑有美 Yu-mi Jung /...,2011,韩国,剧情,9.3,0,,https://movie.douban.com/subject/5912992/
触不可及,/ 闪亮人生(港)  /  逆转人生(台),奥利维·那卡什 Olivier Nakache / 艾力克·托兰达 Eric Toledano   主...,,2011,法国,剧情 喜剧,9.3,0,,https://movie.douban.com/subject/6786002/
教父,/ Mario Puzo's The Godfather,弗朗西斯·福特·科波拉 Francis Ford Coppola,马龙·白兰度 M...,1972,美国,剧情 犯罪,9.3,0,,https://movie.douban.com/subject/1291841/
末代皇帝,/ 末代皇帝溥仪(港)  /  L'ultimo imperatore,贝纳尔多·贝托鲁奇 Bernardo Bertolucci,尊龙 John Lone / 陈...,1987,英国 意大利 中国大陆 法国,剧情 传记 历史,9.3,0,,https://movie.douban.com/subject/1293172/
哈利·波特与魔法石,/ 哈利波特1：神秘的魔法石(港 / 台),Chris Columbus,Daniel Radcliffe / Emma Watson / Rupert Grint,2001,美国 英国,奇幻 冒险,9.2,0,,https://movie.douban.com/subject/1295038/
当幸福来敲门,/ 寻找快乐的故事(港)  /  追求快乐,加布里尔·穆奇诺 Gabriele Muccino,威尔·史密斯 Will Smith ...,2006,美国,剧情 传记 家庭,9.1,0,,https://movie.douban.com/subject/1849031/
龙猫,/ 邻居托托罗  /  邻家的豆豆龙,宫崎骏 Hayao Miyazaki,日高法子 Noriko Hidaka / 坂本千夏 Ch...,1988,日本,动画 奇幻 冒险,9.2,0,,https://movie.douban.com/subject/1291560/
活着,/ 人生  /  Lifetimes,张艺谋 Yimou Zhang,葛优 You Ge / 巩俐 Li Gong / 姜武 Wu Jiang,1994,中国大陆 中国香港,剧情 历史 家庭,9.3,0,,https://movie.douban.com/subject/1292365/
怦然心动,/ 萌动青春  /  青春萌动,罗伯·莱纳 Rob Reiner,玛德琳·卡罗尔 Madeline Carroll / 卡...,2010,美国,剧情 喜剧 爱情,9.1,0,,https://movie.douban.com/subject/3319755/
蝙蝠侠：黑暗骑士,/ 蝙蝠侠前传2：黑暗骑士  /  黑暗骑士(台),克里斯托弗·诺兰 Christopher Nolan,克里斯蒂安·贝尔 Christ...,2008,美国 英国,剧情 动作 科幻 犯罪 惊悚,9.2,0,,https://movie.douban.com/subject/1851857/
指环王3：王者无敌,/ 魔戒三部曲：王者再临(台 / 港),彼得·杰克逊 Peter Jackson,伊利亚·伍德 Elijah Wood / 西恩...,2003,美国 新西兰,剧情 动作 奇幻 冒险,9.3,0,,https://movie.douban.com/subject/1291552/
我不是药神,/ 中国药神  /  印度药神,文牧野 Muye Wen,徐峥 Zheng Xu / 王传君 Chuanjun Wang / 周...,2018,中国大陆,剧情 喜剧,9.0,0,,https://movie.douban.com/subject/26752088/
乱世佳人,/ 飘,维克多·弗莱明 Victor Fleming / 乔治·库克 George Cukor,费...,1939,美国,剧情 历史 爱情 战争,9.3,0,,https://movie.douban.com/subject/1300267/
飞屋环游记,/ 冲天救兵(港)  /  天外奇迹(台),彼特·道格特 Pete Docter / 鲍勃·彼德森 Bob Peterson,爱德...,2009,美国,剧情 喜剧 动画 冒险,9.1,0,,https://movie.douban.com/subject/2129039/
让子弹飞,/ 让子弹飞一会儿  /  火烧云,姜文 Wen Jiang,姜文 Wen Jiang / 葛优 You Ge / 周润发 Yun-F...,2010,中国大陆 中国香港,剧情 喜剧 动作 西部,9.0,0,,https://movie.douban.com/subject/3742360/
哈尔的移动城堡,/ 哈尔移动城堡(港)  /  霍尔的移动城堡(台),宫崎骏 Hayao Miyazaki,倍赏千惠子 Chieko Baishô / 木村拓...,2004,日本,爱情 动画 奇幻 冒险,9.1,0,,https://movie.douban.com/subject/1308807/
十二怒汉,/ 12怒汉  /  十二怒汉,西德尼·吕美特 Sidney Lumet,亨利·方达 Henry Fonda / 马丁...,1957,美国,剧情,9.4,0,,https://movie.douban.com/subject/1293182/
海蒂和爷爷,/ 飘零燕(港)  /  海蒂,阿兰·葛斯彭纳 Alain Gsponer,阿努克·斯特芬 Anuk Steffen /...,2015,德国 瑞士,剧情 冒险 家庭,9.3,0,,https://movie.douban.com/subject/25958717/
素媛,/ 许愿  /  希望：为爱重生(台),李濬益 Jun-ik Lee,薛景求 Kyung-gu Sol / 严志媛 Ji-won Uhm ...,2013,韩国,剧情,9.3,0,,https://movie.douban.com/subject/21937452/
猫鼠游戏,/ 逍遥法外  /  捉智双雄(港),史蒂文·斯皮尔伯格 Steven Spielberg,莱昂纳多·迪卡普里奥 L...,2002,美国 加拿大,传记 犯罪 剧情,9.1,0,,https://movie.douban.com/subject/1305487/
天空之城,/ 天空之城拉普他  /  空中城堡拉普他,宫崎骏 Hayao Miyazaki,田中真弓 Mayumi Tanaka / 横泽启子 Ke...,1986,日本,动画 奇幻 冒险,9.2,0,,https://movie.douban.com/subject/1291583/
鬼子来了,/ Devils on the Doorstep,姜文 Wen Jiang,姜文 Wen Jiang / 香川照之 Teruyuki Kagawa /...,2000,中国大陆,剧情 喜剧,9.3,0,,https://movie.douban.com/subject/1291858/
摔跤吧！爸爸,/ 我和我的冠军女儿(台)  /  打死不离3父女(港),涅提·蒂瓦里 Nitesh Tiwari,阿米尔·汗 Aamir Khan / 法缇玛...,2016,印度,剧情 传记 运动 家庭,9.0,0,,https://movie.douban.com/subject/26387939/
少年派的奇幻漂流,/ 少年Pi的奇幻漂流  /  漂流少年Pi,李安 Ang Lee,苏拉·沙玛 Suraj Sharma / 伊尔凡·可汗 Irrfan...,2012,美国 中国台湾 英国 加拿大,剧情 奇幻 冒险,9.1,0,,https://movie.douban.com/subject/1929463/
钢琴家,/ 钢琴战曲(港)  /  战地琴人(台),罗曼·波兰斯基 Roman Polanski,艾德里安·布洛迪 Adrien Brod...,2002,英国 法国 波兰 德国 美国,剧情 传记 战争 音乐,9.3,0,,https://movie.douban.com/subject/1296736/
指环王2：双塔奇兵,/ 魔戒二部曲：双城奇谋  /  指环王II：双塔,彼得·杰克逊 Peter Jackson,伊利亚·伍德 Elijah Wood / 西恩...,2002,美国 新西兰,剧情 动作 奇幻 冒险,9.2,0,,https://movie.douban.com/subject/1291572/
死亡诗社,/ 暴雨骄阳(港)  /  春风化雨(台),彼得·威尔 Peter Weir,罗宾·威廉姆斯 Robin Williams / 罗伯...,1989,美国,剧情,9.2,0,,https://movie.douban.com/subject/1291548/
大话西游之月光宝盒,/ 西游记101回月光宝盒  /  齐天大圣东游记,刘镇伟 Jeffrey Lau,周星驰 Stephen Chow / 吴孟达 Man Tat Ng...,1995,中国香港 中国大陆,喜剧 爱情 奇幻 古装,9.0,0,,https://movie.douban.com/subject/1299398/
绿皮书,/ 绿簿旅友(港)  /  幸福绿皮书(台),彼得·法雷里 Peter Farrelly,维果·莫腾森 Viggo Mortensen /...,2018,美国 中国大陆,剧情 喜剧 传记 音乐,8.9,0,,https://movie.douban.com/subject/27060077/
何以为家,/ 迦百农  /  星仔打官司(港),娜丁·拉巴基 Nadine Labaki,扎因·拉费阿 Zain al-Rafeea / ...,2018,黎巴嫩 美国 法国 塞浦路斯 卡塔尔 英国,剧情,9.1,0,,https://movie.douban.com/subject/30170448/
闻香识女人,/ 女人香  /  女人的芳香,马丁·布莱斯 Martin Brest,阿尔·帕西诺 Al Pacino / 克里斯...,1992,美国,剧情,9.1,0,,https://movie.douban.com/subject/1298624/
大闹天宫,/ 大闹天宫 上下集  /  The Monkey King,万籁鸣 Laiming Wan,邱岳峰 Yuefeng Qiu / 富润生 Runsheng Fu...,1961(中国大陆),1964(中国大陆),1978(中国大陆),9.4,0,,https://movie.douban.com/subject/1418019/
黑客帝国,/ 22世纪杀人网络(港)  /  廿二世纪杀人网络(港),安迪·沃卓斯基 Andy Wachowski / 拉娜·沃卓斯基 Lana Wachowski   主...,,1999,美国,动作 科幻,9.1,0,,https://movie.douban.com/subject/1291843/
指环王1：护戒使者,/ 指环王1：魔戒再现  /  指环王I：护戒使者,彼得·杰克逊 Peter Jackson,伊利亚·伍德 Elijah Wood / 西恩...,2001,新西兰 美国 英国,剧情 动作 奇幻 冒险,9.1,0,,https://movie.douban.com/subject/1291571/
罗马假日,/ 金枝玉叶(港)  /  罗马假期(台),威廉·惠勒 William Wyler,奥黛丽·赫本 Audrey Hepburn / 格...,1953,美国,喜剧 剧情 爱情,9.1,0,,https://movie.douban.com/subject/1293839/
教父2,/ 教父续集(港)  /  教父II,弗朗西斯·福特·科波拉 Francis Ford Coppola,阿尔·帕西诺 A...,1974,美国,剧情 犯罪,9.3,0,,https://movie.douban.com/subject/1299131/
狮子王,/ 狮子王3D,Roger Allers / 罗伯·明可夫 Rob Minkoff,乔纳森·泰勒·托马...,1994,美国,动画 冒险 歌舞,9.1,0,,https://movie.douban.com/subject/1301753/
天堂电影院,/ 星光伴我心(港)  /  新天堂乐园(台),朱塞佩·托纳多雷 Giuseppe Tornatore,菲利普·努瓦雷 Philipp...,1988,意大利 法国,剧情 爱情,9.2,0,,https://movie.douban.com/subject/1291828/
饮食男女,/ Eat Drink Man Woman,李安 Ang Lee,郎雄 Sihung Lung / 杨贵媚 Kuei-Mei Yang / 吴...,1994,中国台湾 美国,剧情 家庭,9.2,0,,https://movie.douban.com/subject/1291818/
辩护人,/ 逆权大状(港)  /  正义辩护人(台),杨宇硕 Woo-seok Yang,宋康昊 Kang-ho Song / 金英爱 Yeong-ae...,2013,韩国,剧情,9.2,0,,https://movie.douban.com/subject/21937445/
本杰明·巴顿奇事,/ 奇幻逆缘(港)  /  班杰明的奇幻旅程(台),大卫·芬奇 David Fincher,布拉德·皮特 Brad Pitt / 凯特·布...,2008,美国,剧情 爱情 奇幻,9.0,0,,https://movie.douban.com/subject/1485260/
搏击俱乐部,/ 搏击会(港)  /  斗阵俱乐部(台),大卫·芬奇 David Fincher,爱德华·诺顿 Edward Norton / 布拉...,1999,美国,剧情 动作 悬疑 惊悚,9.0,0,,https://movie.douban.com/subject/1292000/
美丽心灵,/ 有你终生美丽(港)  /  美丽境界(台),朗·霍华德 Ron Howard,罗素·克劳 Russell Crowe / 艾德·哈...,2001,美国,传记 剧情,9.1,0,,https://movie.douban.com/subject/1306029/
穿条纹睡衣的男孩,/ 穿条纹衣服的男孩  /  穿条纹衣的男孩,马克·赫尔曼 Mark Herman,阿萨·巴特菲尔德 Asa Butterfield ...,2008,英国 美国,剧情 战争,9.2,0,,https://movie.douban.com/subject/3008247/
情书,/ When I Close My Eyes  /  Letters of Love,岩井俊二 Shunji Iwai,中山美穗 Miho Nakayama / 丰川悦司 Ets...,1995,日本,剧情 爱情,8.9,0,,https://movie.douban.com/subject/1292220/
哈利·波特与死亡圣器(下),/ 哈利波特7：死神的圣物2(港 / 台),大卫·叶茨 David Yates,丹尼尔·雷德克里夫 Daniel Radcliffe...,2011,美国 英国,奇幻 冒险,9.0,0,,https://movie.douban.com/subject/3011235/
两杆大烟枪,/ 够姜四小强(港)  /  两根枪管(台),盖·里奇 Guy Ritchie,杰森·弗莱明 Jason Flemyng / 德克斯特...,1998,英国,剧情 喜剧 犯罪,9.1,0,,https://movie.douban.com/subject/1293350/
窃听风暴,/ 窃听者(港)  /  他人的生活,弗洛里安·亨克尔·冯·多纳斯马尔克 Florian Henckel von Donnersmarck  &n...,,2006,德国,剧情 悬疑,9.2,0,,https://movie.douban.com/subject/1900841/
音乐之声,/ 仙乐飘飘处处闻(港)  /  真善美(台),罗伯特·怀斯 Robert Wise,朱莉·安德鲁斯 Julie Andrews / 克...,1965,美国,剧情 传记 爱情 歌舞,9.1,0,,https://movie.douban.com/subject/1294408/
功夫,/ 功夫3D  /  Kung Fu Hustle,周星驰 Stephen Chow,周星驰 Stephen Chow / 元秋 Qiu Yuen / ...,2004,中国大陆 中国香港,动作 喜剧 犯罪 奇幻,8.9,0,,https://movie.douban.com/subject/1291543/
哈利·波特与阿兹卡班的囚徒,/ 哈利波特3：阿兹卡班的逃犯(港 / 台),阿方索·卡隆 Alfonso Cuarón,丹尼尔·雷德克里夫 Daniel Rad...,2004,英国 美国,奇幻 冒险,9.0,0,,https://movie.douban.com/subject/1291544/
西西里的美丽传说,/ 真爱伴我行(台)  /  玛莲娜,朱塞佩·托纳多雷 Giuseppe Tornatore,莫妮卡·贝鲁奇 Monica ...,2000,意大利 美国,剧情 战争 情色,8.9,0,,https://movie.douban.com/subject/1292402/
阿凡达,/,詹姆斯·卡梅隆 James Cameron,萨姆·沃辛顿 Sam Worthington ...,2009,美国,动作 科幻 冒险,8.8,0,,https://movie.douban.com/subject/1652587/
看不见的客人,/ 死无对证(港)  /  布局(台),奥里奥尔·保罗 Oriol Paulo,马里奥·卡萨斯 Mario Casas / 阿...,2016,西班牙,剧情 犯罪 悬疑 惊悚,8.8,0,,https://movie.douban.com/subject/26580232/
拯救大兵瑞恩,/ 雷霆救兵(港)  /  抢救雷恩大兵(台),史蒂文·斯皮尔伯格 Steven Spielberg,汤姆·汉克斯 Tom Hanks...,1998,美国,剧情 战争,9.1,0,,https://movie.douban.com/subject/1292849/
沉默的羔羊,/ 沉默的羔羊,乔纳森·戴米 Jonathan Demme,朱迪·福斯特 Jodie Foster / 安...,1991,美国,剧情 犯罪 惊悚,8.9,0,,https://movie.douban.com/subject/1293544/
小鞋子,/ 天堂的孩子  /  小童鞋,马基德·马基迪 Majid Majidi,默罕默德·阿米尔·纳吉 Mohamma...,1997,伊朗,剧情 儿童 家庭,9.2,0,,https://movie.douban.com/subject/1303021/
布达佩斯大饭店,/ 布达佩斯大酒店(港)  /  欢迎来到布达佩斯大饭店(台),韦斯·安德森 Wes Anderson,拉尔夫·费因斯 Ralph Fiennes / ...,2014,美国 德国 英国,剧情 喜剧 冒险,8.9,0,,https://movie.douban.com/subject/11525673/
蝴蝶效应,/ 蝴蝶效应,埃里克·布雷斯 Eric Bress / J·麦基·格鲁伯 J. Mackye Gruber   主...,,2004,美国 加拿大,剧情 悬疑 科幻 惊悚,8.9,0,,https://movie.douban.com/subject/1292343/
飞越疯人院,/ 飞越杜鹃窝(台)  /  飞越喜鹊巢,米洛斯·福尔曼 Miloš Forman,杰克·尼科尔森 Jack Nichols...,1975,美国,剧情,9.1,0,,https://movie.douban.com/subject/1292224/
还有明天,/ 明天还有梦(港)  /  我们还有明天(台),宝拉·柯特莱西 Paola Cortellesi,宝拉·柯特莱西 Paola Corte...,2023,意大利,剧情 喜剧 历史,9.3,0,,https://movie.douban.com/subject/36445098/
禁闭岛,/ 不赦岛(港)  /  隔离岛(台),Martin Scorsese,莱昂纳多·迪卡普里奥 Leonardo DiCaprio / ...,2010,美国,剧情 悬疑 惊悚,8.9,0,,https://movie.douban.com/subject/2334904/
心灵捕手,/ 骄阳似我(港)  /  心灵捕手,格斯·范·桑特 Gus Van Sant,马特·达蒙 Matt Damon / 罗宾·...,1997,美国,剧情,9.0,0,,https://movie.douban.com/subject/1292656/
致命魔术,/ 死亡魔法(港)  /  顶尖对决(台),克里斯托弗·诺兰 Christopher Nolan,休·杰克曼 Hugh Jackman...,2006,英国 美国,剧情 悬疑 惊悚,8.9,0,,https://movie.douban.com/subject/1780330/
低俗小说,/ 危险人物(港)  /  黑色追缉令(台),昆汀·塔伦蒂诺 Quentin Tarantino,约翰·特拉沃尔塔 John Tra...,1994,美国,剧情 喜剧 犯罪,8.9,0,,https://movie.douban.com/subject/1291832/
超脱,/ 人间师格(台),托尼·凯耶 Tony Kaye,艾德里安·布洛迪 Adrien Brody / 马西...,2011,美国,剧情,9.0,0,,https://movie.douban.com/subject/5322596/
哈利·波特与密室,/ 哈利波特2：消失的密室(港 / 台),Chris Columbus,丹尼尔·雷德克里夫 Daniel Radcliffe / 艾玛...,2002,英国 美国,奇幻 冒险,8.9,0,,https://movie.douban.com/subject/1296996/
一一,/ Yi yi  /  Yi yi: A One and a Two,杨德昌 Edward Yang,吴念真 / 李凯莉 Kelly Lee / 金燕玲 Elai...,2000,中国台湾 日本,剧情 爱情 家庭,9.1,0,,https://movie.douban.com/subject/1292434/
喜剧之王,/ King of Comedy,周星驰 Stephen Chow / 李力持 Lik-Chi Lee,周星驰 Stephen Ch...,1999,中国香港,喜剧 剧情 爱情,8.8,0,,https://movie.douban.com/subject/1302425/
杀人回忆,/ 谋杀回忆  /  杀手回忆录,奉俊昊 Joon-ho Bong,宋康昊 Kang-ho Song / 金相庆 Sang-kyun...,2003,韩国,剧情 动作 犯罪 悬疑 惊悚,8.9,0,,https://movie.douban.com/subject/1300299/
摩登时代,/ The Masses  /  Les Temps modernes,查理·卓别林 Charles Chaplin,查理·卓别林 Charles Chaplin ...,1936,美国,剧情 喜剧 爱情,9.3,0,,https://movie.douban.com/subject/1294371/
致命ID,/ 杀人游戏  /  致命身份,詹姆斯·曼高德 James Mangold,约翰·库萨克 John Cusack / 雷...,2003,美国,剧情 悬疑 惊悚,8.9,0,,https://movie.douban.com/subject/1297192/
春光乍泄,/ 一起快乐  /  Happy Together,王家卫 Kar Wai Wong,张国荣 Leslie Cheung / 梁朝伟 Tony Leu...,1997,中国香港 日本 韩国,剧情 爱情 同性,9.0,0,,https://movie.douban.com/subject/1292679/
加勒比海盗,/ 加勒比海盗1：黑珍珠号的诅咒  /  神鬼奇航：鬼盗船魔咒(台),戈尔·维宾斯基 Gore Verbinski,约翰尼·德普 Johnny Depp / ...,2003,美国,动作 冒险 奇幻,8.8,0,,https://movie.douban.com/subject/1298070/
海豚湾,/ 血色海湾(台)  /  海湾,路易·西霍尤斯 Louie Psihoyos,路易·西霍尤斯 Louie Psihoyo...,2009,美国,纪录片,9.3,0,,https://movie.douban.com/subject/3442220/
美国往事,/ 四海兄弟(台)  /  义薄云天(港),赛尔乔·莱翁内 Sergio Leone,罗伯特·德尼罗 Robert De Niro ...,1984,美国 意大利,犯罪 剧情,9.1,0,,https://movie.douban.com/subject/1292262/
红辣椒,/ 盗梦侦探(港 / 台),今敏 Satoshi Kon,林原惠美 Megumi Hayashibara / 江守彻 Toru...,2006,日本,动画 悬疑 科幻 惊悚,9.0,0,,https://movie.douban.com/subject/1865703/
七宗罪,/ 火线追缉令(台)  /  7宗罪,大卫·芬奇 David Fincher,摩根·弗里曼 Morgan Freeman / 布...,1995,美国,剧情 犯罪 悬疑 惊悚,8.8,0,,https://movie.douban.com/subject/1292223/
唐伯虎点秋香,/ Flirting Scholar,李力持 Lik-Chi Lee,周星驰 Stephen Chow / 巩俐 Li Gong / 陈...,1993,中国香港,喜剧 爱情 古装,8.8,0,,https://movie.douban.com/subject/1306249/
狩猎,/ 诬网(港)  /  谎言的烙印(台),托马斯·温特伯格 Thomas Vinterberg,麦斯·米科尔森 Mads Mik...,2012,丹麦 瑞典,剧情,9.1,0,,https://movie.douban.com/subject/6985810/
幽灵公主,/ 魔法公主  /  幽灵少女,宫崎骏 Hayao Miyazaki,松田洋治 Yôji Matsuda / 石田百合...,1997,日本,动画 奇幻 冒险,8.9,0,,https://movie.douban.com/subject/1297359/
甜蜜蜜,/ Comrades: Almost a Love Story,陈可辛 Peter Chan,黎明 Leon Lai / 张曼玉 Maggie Cheung / ...,1996,中国香港,剧情 爱情,8.9,0,,https://movie.douban.com/subject/1305164/
寄生虫,/ 寄生上流(台)  /  上流寄生族(港),奉俊昊 Joon-ho Bong,宋康昊 Kang-ho Song / 李善均 Seon-gyun...,2019,韩国,剧情,8.8,0,,https://movie.douban.com/subject/27010768/
天书奇谭,/ 天书奇谭4K纪念版  /  The Legend of Sealed Book,王树忱 Shuchen Wang / 钱运达 Yunda Qian,丁建华 Jianhua Din...,1983(中国大陆),2021,中国大陆,9.2,0,,https://movie.douban.com/subject/1428581/
蝙蝠侠：黑暗骑士崛起,/ 蝙蝠侠前传3：黑暗骑士崛起  /  黑暗骑士：黎明升起(台),克里斯托弗·诺兰 Christopher Nolan,克里斯蒂安·贝尔 Christ...,2012,美国 英国,剧情 动作 科幻 犯罪 惊悚,8.9,0,,https://movie.douban.com/subject/3395373/
超能陆战队,/ 大英雄联盟(港)  /  大英雄天团(台),唐·霍尔 Don Hall / 克里斯·威廉姆斯 Chris Williams,斯科特...,2014,美国,喜剧 动作 科幻 动画 冒险,8.8,0,,https://movie.douban.com/subject/11026735/
7号房的礼物,/ 戆爸的礼物(港)  /  7号囚房的礼物,李焕庆 Hwan-kyeong Lee,柳承龙 Seung-yong Ryoo / 朴信惠 Shi...,2013,韩国,剧情 喜剧 家庭,8.9,0,,https://movie.douban.com/subject/10777687/
第六感,/ 鬼眼(港)  /  灵异第六感(台),M·奈特·沙马兰 M. Night Shyamalan,布鲁斯·威利斯 Bruce Wi...,1999,美国,剧情 悬疑 惊悚,8.9,0,,https://movie.douban.com/subject/1297630/
茶馆,/ The Teahouse,谢添 Tian Xie,于是之 Shizhi Yu / 郑榕 Rong Zhen / 蓝天野 T...,1982(中国大陆),中国大陆,剧情 历史,9.5,0,,https://movie.douban.com/subject/1461403/
爱在黎明破晓前,/ 情留半天(港)  /  爱在黎明破晓时(台),理查德·林克莱特 Richard Linklater,伊桑·霍克 Ethan Hawke ...,1995,美国 奥地利 瑞士,剧情 爱情,8.8,0,,https://movie.douban.com/subject/1296339/
爱在日落黄昏时,/ 日落巴黎(港)  /  爱在日落巴黎时(台),理查德·林克莱特 Richard Linklater,伊桑·霍克 Ethan Hawke ...,2004,美国 法国,剧情 爱情,8.9,0,,https://movie.douban.com/subject/1291990/
被嫌弃的松子的一生,/ 花样奇缘(港)  /  令人讨厌的松子的一生(台),中岛哲也 Tetsuya Nakashima,中谷美纪 Miki Nakatani / 瑛太 E...,2006,日本,剧情 歌舞,8.8,0,,https://movie.douban.com/subject/1787291/
哈利·波特与火焰杯,/ 哈利波特4：火杯的考验(港 / 台),迈克·内威尔 Mike Newell,丹尼尔·雷德克里夫 Daniel Radclif...,2005,英国 美国,悬疑 奇幻 冒险,8.8,0,,https://movie.douban.com/subject/1309055/
头脑特工队,/ 玩转脑朋友(港)  /  脑筋急转弯(台),彼特·道格特 Pete Docter / 罗纳尔多·德尔·卡门 Ronaldo Del Carmen  &nb...,,2015,美国,喜剧 动画 冒险,8.8,0,,https://movie.douban.com/subject/10533913/
未麻的部屋,/ 蓝色恐惧(港 / 台),今敏 Satoshi Kon,岩男润子 Junko Iwao / 松本梨香 Rica Matsu...,1997,日本,剧情 犯罪 动画 悬疑 惊悚,9.1,0,,https://movie.douban.com/subject/1395091/
重庆森林,/ Chungking Express,王家卫 Kar Wai Wong,林青霞 Brigitte Lin / 金城武 Takeshi K...,1994,中国香港,剧情 爱情,8.8,0,,https://movie.douban.com/subject/1291999/
借东西的小人阿莉埃蒂,/ 借物少女艾莉缇(台)  /  借东西的小矮人亚莉亚蒂(港),米林宏昌 Hiromasa Yonebayashi,志田未来 Mirai Shida / 神木...,2010,日本,动画 奇幻 冒险,8.9,0,,https://movie.douban.com/subject/4202302/
菊次郎的夏天,/ 菊次郎之夏  /  Kikujirô no natsu,北野武 Takeshi Kitano,北野武 Takeshi Kitano / 关口雄介 Yus...,1999,日本,剧情 喜剧,8.9,0,,https://movie.douban.com/subject/1293359/
入殓师,/ 礼仪师之奏鸣曲(港)  /  礼仪师(台),泷田洋二郎 Yôjirô Takita,本木雅弘 Masahiro Motoki / ...,2008,日本,剧情,8.9,0,,https://movie.douban.com/subject/2149806/
断背山,/ 断臂山  /  BBM,李安 Ang Lee,希斯·莱杰 Heath Ledger / 杰克·吉伦哈尔 Jake...,2005,美国 加拿大,剧情 爱情 同性 家庭,8.8,0,,https://movie.douban.com/subject/1418834/
剪刀手爱德华,/ 幻海奇缘(港)  /  剪刀手爱德华,蒂姆·波顿 Tim Burton,约翰尼·德普 Johnny Depp / 薇诺娜·...,1990,美国,剧情 爱情 奇幻,8.7,0,,https://movie.douban.com/subject/1292370/
勇敢的心,/ 惊世未了缘(港)  /  梅尔吉勃逊之英雄本色(台),梅尔·吉布森 Mel Gibson,梅尔·吉布森 Mel Gibson / 苏菲·玛...,1995,美国,动作 传记 剧情 历史 战争,8.9,0,,https://movie.douban.com/subject/1294639/
时空恋旅人,/ 回到最爱的一天(港)  /  真爱每一天(台),理查德·柯蒂斯 Richard Curtis,多姆纳尔·格里森 Domhnall Gl...,2013,英国 美国,喜剧 爱情 奇幻,8.8,0,,https://movie.douban.com/subject/10577869/
驯龙高手,/ 驯龙记(港),迪恩·德布洛斯 Dean DeBlois / 克里斯·桑德斯 Chris Sanders,...,2010,美国,动画 奇幻 冒险,8.8,0,,https://movie.douban.com/subject/2353023/
消失的爱人,/ 失踪的女孩  /  失踪女孩,大卫·芬奇 David Fincher,本·阿弗莱克 Ben Affleck / 罗莎蒙...,2014,美国,剧情 犯罪 悬疑 惊悚,8.7,0,,https://movie.douban.com/subject/21318488/
无人知晓,/ 谁知赤子心(港)  /  无人知晓的夏日清晨(台),是枝裕和 Hirokazu Koreeda,柳乐优弥 Yûya Yagira / 北浦爱...,2004,日本,剧情,9.1,0,,https://movie.douban.com/subject/1292337/
倩女幽魂,/ 倩女幽魂(87版)  /  倩女幽魂：妖魔道,程小东 Siu-Tung Ching,张国荣 Leslie Cheung / 王祖贤 Joey W...,1987,中国香港,爱情 奇幻 武侠 古装,8.8,0,,https://movie.douban.com/subject/1297447/
傲慢与偏见,/ 傲慢与偏见2005  /  Pride And Prejudice,乔·怀特 Joe Wright,凯拉·奈特莉 Keira Knightley / 马修·...,2005,法国 英国 美国,剧情 爱情,8.7,0,,https://movie.douban.com/subject/1418200/
新世界,/ 暗黑新世界(台)  /  New World,朴勋政 Hoon-jung Park,李政宰 Jung-Jae Lee / 崔岷植 Min-sik...,2013,韩国,剧情 犯罪,8.9,0,,https://movie.douban.com/subject/10437779/
花样年华,/ 花样年华导演特别版  /  花样年华4K修复版,王家卫 Kar Wai Wong,张曼玉 Maggie Cheung / 梁朝伟 Tony Leu...,2000,中国香港,剧情 爱情,8.8,0,,https://movie.douban.com/subject/1291557/
玩具总动员3,/ 反斗奇兵3(港)  /  玩具的故事3,李·昂克里奇 Lee Unkrich,汤姆·汉克斯 Tom Hanks / 蒂姆·艾...,2010,美国,喜剧 动画 奇幻 冒险,8.9,0,,https://movie.douban.com/subject/1858711/
一个叫欧维的男人决定去死,/ 明天别再来敲门(台)  /  想死冇咁易(港),汉内斯·赫尔姆 Hannes Holm,罗夫·拉斯加德 Rolf Lassgård...,2015,瑞典,剧情,8.9,0,,https://movie.douban.com/subject/26628357/
完美的世界,/ 强盗保镳,克林特·伊斯特伍德 Clint Eastwood,凯文·科斯特纳 Kevin Cos...,1993,美国,剧情 犯罪,9.1,0,,https://movie.douban.com/subject/1300992/
色，戒,/ 色|戒  /  色·戒,李安 Ang Lee,梁朝伟 Tony Leung Chiu Wai / 汤唯 Wei Tang / ...,2007,中国台湾 中国大陆 美国 中国香港,剧情 爱情 情色,8.7,0,,https://movie.douban.com/subject/1828115/
阳光灿烂的日子,/ In the Heat of the Sun,姜文 Wen Jiang,夏雨 Yu Xia / 宁静 Jing Ning / 陶虹 Hong Tao,1994,中国大陆 中国香港,剧情 爱情,8.8,0,,https://movie.douban.com/subject/1291875/
怪兽电力公司,/ 怪兽公司(港)  /  怪物公司,彼特·道格特 Pete Docter / 大卫·斯沃曼 David Silverman,约...,2001,美国,儿童 喜剧 动画 奇幻 冒险,8.8,0,,https://movie.douban.com/subject/1291579/
小森林 夏秋篇,/ 小森食光 / 夏秋篇(台),森淳一 Junichi Mori,桥本爱 Ai Hashimoto / 三浦贵大 Takahir...,2014,日本,剧情,9.0,0,,https://movie.douban.com/subject/25814705/
天使爱美丽,/ 艾蜜莉的异想世界(台)  /  天使艾米莉,让-皮埃尔·热内 Jean-Pierre Jeunet,奥黛丽·塔图 Audrey Tau...,2001,法国 德国,剧情 喜剧 爱情,8.7,0,,https://movie.douban.com/subject/1292215/
教父3,/ 教父第三集  /  教父 III,弗朗西斯·福特·科波拉 Francis Ford Coppola,阿尔·帕西诺 A...,1990,美国,剧情 犯罪,9.0,0,,https://movie.douban.com/subject/1294240/
侧耳倾听,/ 心之谷(台)  /  梦幻街少女(港),近藤喜文 Yoshifumi Kondo,本名阳子 Youko Honna / 小林桂树 K...,1995,日本,剧情 爱情 动画,8.9,0,,https://movie.douban.com/subject/1297052/
哪吒闹海,/ Prince Nezha's Triumph Against Dragon King  /  Nezha Conquers the Dragon King,王树忱 Shuchen Wang / 严定宪 Dingxian Yan,梁正晖 Zhenghui ...,1979,中国大陆,冒险 动画 奇幻,9.2,0,,https://movie.douban.com/subject/1307315/
九品芝麻官,/ 九品芝麻官之白面包青天  /  Hail the Judge,王晶 Jing Wong,周星驰 Stephen Chow / 吴孟达 Man Tat Ng / ...,1994,中国香港,剧情 喜剧 古装,8.8,0,,https://movie.douban.com/subject/1297518/
被解救的姜戈,/ 被解放的姜戈  /  决杀令(台),昆汀·塔伦蒂诺 Quentin Tarantino,杰米·福克斯 Jamie Foxx /...,2012,美国,剧情 动作 西部 冒险,8.8,0,,https://movie.douban.com/subject/6307447/
请以你的名字呼唤我,/ 以你的名字呼唤我(港 / 台),卢卡·瓜达尼诺 Luca Guadagnino,艾米·汉莫 Armie Hammer / ...,2017,意大利 法国 巴西 美国,剧情 爱情 同性,8.8,0,,https://movie.douban.com/subject/26799731/
幸福终点站,/ 机场客运站(港)  /  航站情缘(台),史蒂文·斯皮尔伯格 Steven Spielberg,汤姆·汉克斯 Tom Hanks...,2004,美国,喜剧 剧情 爱情,8.8,0,,https://movie.douban.com/subject/1292274/
釜山行,/ 尸杀列车(港)  /  尸速列车(台),延尚昊 Sang-ho Yeon,孔刘 Yoo Gong / 郑有美 Yu-mi Jung / 马...,2016,韩国,动作 惊悚 灾难,8.6,0,,https://movie.douban.com/subject/25986180/
神偷奶爸,/ 卑鄙的我  /  坏蛋奖门人(港),皮艾尔·柯芬 Pierre Coffin / 克里斯·雷纳德 Chris Renaud,...,2010,美国 法国,喜剧 动画 冒险,8.7,0,,https://movie.douban.com/subject/3287562/
小森林 冬春篇,/ 小森食光 / 冬春篇(台),森淳一 Junichi Mori,桥本爱 Ai Hashimoto / 三浦贵大 Takahir...,2015,日本,剧情,9.0,0,,https://movie.douban.com/subject/25814707/
喜宴,/ The Wedding Banquet,李安 Ang Lee,赵文瑄 Winston Chao / 归亚蕾 Ya-lei Kuei / 郎...,1993,中国台湾 美国,剧情 喜剧 爱情 同性 家庭,9.0,0,,https://movie.douban.com/subject/1303037/
萤火之森,/ 萤火之社  /  Hotarubi no mori e,大森贵弘 Takahiro Omori,佐仓绫音 Ayane Sakura / 内山昂辉 K...,2011,日本,剧情 爱情 动画 奇幻,8.8,0,,https://movie.douban.com/subject/5989818/
告白,/ 自白  /  母亲,中岛哲也 Tetsuya Nakashima,松隆子 Takako Matsu / 冈田将生 ...,2010,日本,剧情 悬疑,8.8,0,,https://movie.douban.com/subject/4268598/
玛丽和麦克斯,/ 玛丽和马克思  /  巧克力情缘(台),亚当·艾略特 Adam Elliot,托妮·科莱特 Toni Collette / 菲利...,2009,澳大利亚 美国,剧情 喜剧 动画,9.0,0,,https://movie.douban.com/subject/3072124/
七武士,/ 七侠四义(港)  /  七剑客(港),黑泽明 Akira Kurosawa,三船敏郎 Toshirô Mifune / 志村乔 ...,1954,日本,动作 冒险 剧情,9.3,0,,https://movie.douban.com/subject/1295399/
头号玩家,/ 玩家一号  /  挑战者1号(港),史蒂文·斯皮尔伯格 Steven Spielberg,泰伊·谢里丹 Tye Sheri...,2018,美国,动作 科幻 冒险,8.6,0,,https://movie.douban.com/subject/4920389/
模仿游戏,/ 解码游戏(港)  /  模拟游戏,莫滕·泰杜姆 Morten Tyldum,本尼迪克特·康伯巴奇 Benedict C...,2014,英国 美国,剧情 传记 战争 同性,8.8,0,,https://movie.douban.com/subject/10463953/
惊魂记,/ 精神病患者  /  触目惊心(港),阿尔弗雷德·希区柯克 Alfred Hitchcock,安东尼·博金斯 Antho...,1960,美国,悬疑 惊悚 恐怖,9.0,0,,https://movie.douban.com/subject/1293181/
大鱼,/ 大鱼奇缘(港)  /  大智若鱼(台),蒂姆·波顿 Tim Burton,伊万·麦克格雷格 Ewan McGregor / 阿...,2003,美国,剧情 爱情 奇幻 冒险,8.8,0,,https://movie.douban.com/subject/1291545/
心灵奇旅,/ 灵魂奇遇记(港)  /  灵魂急转弯(台),彼特·道格特 Pete Docter / 凯普·鲍尔斯 Kemp Powers,杰米·...,2020,美国,动画 奇幻 音乐,8.7,0,,https://movie.douban.com/subject/24733428/
机器人之梦,/ 再见机器人(台)  /  汪汪梦里人(港),巴勃罗·贝格尔 Pablo Berger,伊万·拉班达 Ivan Labanda,2023,西班牙 法国,剧情 动画 音乐,9.1,0,,https://movie.douban.com/subject/35426925/
射雕英雄传之东成西就,/ 东成西就  /  大英雄 (日本),刘镇伟 Jeffrey Lau,梁朝伟 Tony Leung Chiu Wai / 林青霞 Bri...,1993,中国香港,喜剧 奇幻 武侠 古装,8.7,0,,https://movie.douban.com/subject/1316510/
背靠背，脸对脸,"/ 背对背，脸对脸  /  Back to Back, Face to Face",黄建新 Jianxin Huang / 杨亚洲 Yazhou Yang,牛振华 Zhenhua N...,1994,中国大陆 中国香港,剧情,9.5,0,,https://movie.douban.com/subject/1307856/
血战钢锯岭,/ 钢锯岭  /  钢铁英雄(台),梅尔·吉布森 Mel Gibson,安德鲁·加菲尔德 Andrew Garfield /...,2016,澳大利亚 美国,剧情 传记 历史 战争,8.7,0,,https://movie.douban.com/subject/26325320/
你的名字。,/ 你的名字  /  君之名,新海诚 Makoto Shinkai,神木隆之介 Ryûnosuke Kamiki / 上...,2016,日本,剧情 爱情 动画,8.5,0,,https://movie.douban.com/subject/26683290/
我是山姆,/ 不一样的爸爸(港)  /  他不笨，他是我爸爸(台),杰茜·尼尔森 Jessie Nelson,Sean Penn / Dakota Fanning / Mi...,2001,美国,剧情 家庭,9.0,0,,https://movie.douban.com/subject/1306861/
阳光姐妹淘,/ 阳光姊妹淘(港)  /  桑尼,姜炯哲 Hyeong-Cheol Kang,沈恩京 Eun-kyung Shim / 闵孝琳 Hy...,2011,韩国,剧情 喜剧,8.8,0,,https://movie.douban.com/subject/4917726/
恐怖直播,/ 死亡“动”新闻(港)  /  恐怖攻击直播(台),金秉祐 Byeong-woo Kim,河正宇 Jung-woo Ha / 李璟荣 Kyeong-y...,2013,韩国,剧情 犯罪 悬疑,8.7,0,,https://movie.douban.com/subject/21360417/
黑客帝国3：矩阵革命,/ 22世纪杀人网络3：惊变世纪(港)  /  骇客任务完结篇：最后战役(台),拉娜·沃卓斯基 Lana Wachowski / 莉莉·沃卓斯基 Lilly Wachowski   ...,,2003,美国,动作 科幻,8.8,0,,https://movie.douban.com/subject/1302467/
末路狂花,/ 塞尔玛与路易丝,雷德利·斯科特 Ridley Scott,吉娜·戴维斯 Geena Davis / 苏...,1991,美国 英国 法国,犯罪 剧情 惊悚,9.0,0,,https://movie.douban.com/subject/1291992/
小丑,/ 小丑起源电影：罗密欧  /  Romeo,托德·菲利普斯 Todd Phillips,杰昆·菲尼克斯 Joaquin Phoeni...,2019,美国 加拿大,剧情 犯罪 惊悚,8.7,0,,https://movie.douban.com/subject/27119724/
三块广告牌,/ 广告牌杀人事件(港)  /  意外(台),马丁·麦克唐纳 Martin McDonagh,弗兰西斯·麦克多蒙德 France...,2017,英国 美国,剧情 犯罪,8.7,0,,https://movie.douban.com/subject/26611804/
谍影重重3,/ 叛谍追击3：最后通牒(港)  /  神鬼认证：最后通牒 (台),保罗·格林格拉斯 Paul Greengrass,马特·达蒙 Matt Damon / ...,2007,美国 德国 法国 英国,动作 悬疑 惊悚,8.9,0,,https://movie.douban.com/subject/1578507/
高山下的花环,/ 卫国军魂(港)  /  Wreaths at the Foot of the Mountain,谢晋 Jin Xie,吕晓禾 Xiaohe Lü / 唐国强 Guoqiang Tang / 何...,1984(中国大陆),1985,中国大陆,9.5,0,,https://movie.douban.com/subject/1422283/
电锯惊魂,/ 恐惧斗室(港)  /  夺魂锯(台),詹姆斯·温 James Wan,雷·沃纳尔 Leigh Whannell / 加利·艾...,2004,美国,悬疑 惊悚 恐怖,8.7,0,,https://movie.douban.com/subject/1417598/
无间道2,/ 无间道前传  /  Infernal Affairs II,刘伟强 Andrew Lau / 麦兆辉 Alan Mak,陈冠希 Edison Chen / ...,2003,中国香港,剧情 犯罪 惊悚,8.8,0,,https://movie.douban.com/subject/1307106/
达拉斯买家俱乐部,/ 续命枭雄(港)  /  药命俱乐部(台),让-马克·瓦雷 Jean-Marc Vallée,马修·麦康纳 Matthew McCon...,2013,美国,剧情 传记 同性,8.8,0,,https://movie.douban.com/subject/1793929/
疯狂原始人,/ 古鲁家族(港 / 台),科克·德·米科 Kirk De Micco / 克里斯·桑德斯 Chris Sanders   主演...,,2013,美国,喜剧 动画 冒险,8.7,0,,https://movie.douban.com/subject/1907966/
绿里奇迹,/ 绿色奇迹(台)  /  绿色英里,弗兰克·德拉邦特 Frank Darabont,汤姆·汉克斯 Tom Hanks / ...,1999,美国,犯罪 剧情 奇幻 悬疑,8.9,0,,https://movie.douban.com/subject/1300374/
爱在午夜降临前,/ 情约半生(港)  /  爱在午夜希腊时(台),理查德·林克莱特 Richard Linklater,伊桑·霍克 Ethan Hawke ...,2013,美国 希腊,剧情 爱情,8.9,0,,https://movie.douban.com/subject/10808442/
疯狂的石头,/ Crazy Stone,宁浩 Hao Ning,郭涛 Tao Guo / 刘桦 Hua Liu / 连晋 Teddy Lin,2006,中国大陆 中国香港,喜剧 犯罪,8.6,0,,https://movie.douban.com/subject/1862151/
雨中曲,/ 万花嬉春(港 / 台),斯坦利·多南 Stanley Donen / 吉恩·凯利 Gene Kelly,吉恩·...,1952,美国,喜剧 歌舞 爱情,9.1,0,,https://movie.douban.com/subject/1293460/
2001太空漫游,/ 2001：星际漫游  /  2001：太空奥德赛,斯坦利·库布里克 Stanley Kubrick,凯尔·杜拉 Keir Dullea / ...,1968,英国 美国,科幻 惊悚 冒险,8.9,0,,https://movie.douban.com/subject/1292226/
海街日记,/ 海街女孩日记(港)  /  Kamakura Diary,是枝裕和 Hirokazu Koreeda,绫濑遥 Haruka Ayase / 长泽雅美 M...,2015,日本,剧情 家庭,8.8,0,,https://movie.douban.com/subject/25895901/
风之谷,/ 风谷少女  /  Kaze no tani no Naushika,宫崎骏 Hayao Miyazaki,岛本须美 Sumi Shimamoto / 松田洋治 Y...,1984,日本,动画 奇幻 冒险,8.9,0,,https://movie.douban.com/subject/1291585/
上帝之城,/ 无主之城(港)  /  无法无天(台),费尔南多·梅里尔斯 Fernando Meirelles / 卡迪亚·兰德 Kátia Lund  &nbsp...,,2002,巴西 法国,犯罪 剧情,9.0,0,,https://movie.douban.com/subject/1292208/
心迷宫,/ 殡棺  /  The Coffin in the Mountain,忻钰坤 Yukun Xin,霍卫民 Weimin Huo / 王笑天 Xiaotian Wang ...,2014,中国大陆,剧情 犯罪 悬疑,8.7,0,,https://movie.douban.com/subject/25917973/
英雄本色,/ A Better Tomorrow  /  Gangland Boss,吴宇森 John Woo,周润发 Yun-Fat Chow / 狄龙 Lung Ti / 张国...,1986,中国香港,剧情 动作 犯罪,8.6,0,,https://movie.douban.com/subject/1297574/
记忆碎片,/ 凶心人(港)  /  记忆拼图(台),克里斯托弗·诺兰 Christopher Nolan,盖·皮尔斯 Guy Pearce /...,2000,美国,犯罪 剧情 悬疑 惊悚,8.7,0,,https://movie.douban.com/subject/1304447/
纵横四海,/ Once a Thief,吴宇森 John Woo,周润发 Yun-Fat Chow / 张国荣 Leslie Cheung...,1991,中国香港,剧情 喜剧 动作 犯罪,8.8,0,,https://movie.douban.com/subject/1295409/
无敌破坏王,/ 破坏王拉尔夫  /  破坏王大冒险,瑞奇·莫尔 Rich Moore,约翰·C·赖利 John C. Reilly / 萨拉...,2012,美国,喜剧 动画 奇幻 冒险,8.7,0,,https://movie.douban.com/subject/6534248/
卢旺达饭店,/ 卢安达饭店(台),特瑞·乔治 Terry George,唐·钱德尔 Don Cheadle / 苏菲·奥...,2004,英国 南非 意大利 美国,剧情 传记 历史 战争,8.9,0,,https://movie.douban.com/subject/1291822/
东京教父,/ Tokyo Godfathers,今敏 Satoshi Kon,江守彻 Toru Emori / 梅垣义明 Yoshiaki Ume...,2003,日本,剧情 喜剧 动画,9.0,0,,https://movie.douban.com/subject/1310177/
恐怖游轮,/ 汪洋血迷宮(台)  /  轮回三角,克里斯托弗·史密斯 Christopher Smith,梅利莎·乔治 Melissa ...,2009,英国 澳大利亚,科幻 悬疑 奇幻 惊悚,8.5,0,,https://movie.douban.com/subject/3011051/
小偷家族,/ Shoplifters  /  Une Affaire de Famille,是枝裕和 Hirokazu Koreeda,中川雅也 Lily Franky / 安藤樱 Sa...,2018,日本,剧情 犯罪 家庭,8.7,0,,https://movie.douban.com/subject/27622447/
牯岭街少年杀人事件,/ A Brighter Summer Day,杨德昌 Edward Yang,张震 Chen Chang / 杨静怡 Lisa Yang / 张...,1991,中国台湾,剧情 犯罪,8.9,0,,https://movie.douban.com/subject/1292329/
魔女宅急便,/ 魔女琪琪(台)  /  小魔女限时专送,宫崎骏 Hayao Miyazaki,高山南 Minami Takayama / 佐久间玲 Re...,1989,日本,动画 奇幻 冒险,8.7,0,,https://movie.douban.com/subject/1307811/
冰川时代,/ 冰河世纪  /  冰原历险记,卡洛斯·沙尔丹哈 Carlos Saldanha / 克里斯·韦奇 Chris Wedge   主演...,,2002,美国,喜剧 动画 冒险,8.7,0,,https://movie.douban.com/subject/1291578/
芙蓉镇,/ Hibiscus Town,谢晋 Jin Xie,刘晓庆 Xiaoqing Liu / 姜文 Wen Jiang / 郑在石...,1987,中国大陆,剧情 爱情,9.3,0,,https://movie.douban.com/subject/1297880/
忠犬八公物语,/ 八千公物语  /  阿八的故事,神山征二郎 Seijirô Kôyama,仲代达矢 Tatsuya Nakadai /...,1987,日本,剧情,9.2,0,,https://movie.douban.com/subject/1959195/
岁月神偷,/ 1969太空漫游  /  Echoes Of The Rainbow,罗启锐 Alex Law,吴君如 Sandra Ng / 任达华 Simon Yam / 钟绍...,2010,中国香港 中国大陆,剧情 家庭,8.7,0,,https://movie.douban.com/subject/3792799/
遗愿清单,/ 玩转身前事(港)  /  一路玩到挂(台),罗伯·莱纳 Rob Reiner,杰克·尼科尔森 Jack Nicholson / 摩根...,2007,美国,冒险 喜剧 剧情,8.7,0,,https://movie.douban.com/subject/1867345/
荒蛮故事,/ 蛮荒故事  /  生命中最抓狂的小事(台),达米安·斯兹弗隆 Damián Szifron,达里奥·葛兰帝内提 Darío...,2014,阿根廷 西班牙,剧情 喜剧 犯罪,8.7,0,,https://movie.douban.com/subject/24750126/
大佛普拉斯,/ The Great Buddha+,黄信尧 Hsin-yao Huang,庄益增 Yizeng Zhuang / 陈竹昇 Chu-sh...,2017,中国台湾,剧情 喜剧,8.7,0,,https://movie.douban.com/subject/27059130/
源代码,/ 启动原始码(台)  /  危机解密(港),邓肯·琼斯 Duncan Jones,杰克·吉伦哈尔 Jake Gyllenhaal / ...,2011,美国 加拿大,科幻 悬疑 惊悚,8.6,0,,https://movie.douban.com/subject/3075287/
花束般的恋爱,/ 她和他的恋爱花期(港)  /  爱如花束 恋恋不忘,土井裕泰 Nobuhiro Doi,菅田将晖 Masaki Suda / 有村架纯 Kasu...,2021,日本,剧情 爱情,8.6,0,,https://movie.douban.com/subject/34874432/
白日梦想家,/ 发梦王大历险(港)  /  白日梦冒险王(台),本·斯蒂勒 Ben Stiller,本·斯蒂勒 Ben Stiller / 克里斯汀·...,2013,美国 英国,剧情 喜剧 冒险,8.6,0,,https://movie.douban.com/subject/2133323/
疯狂的麦克斯4：狂暴之路,/ 末日先锋：战甲飞车(港)  /  疯狂麦斯：愤怒道(台),乔治·米勒 George Miller,汤姆·哈迪 Tom Hardy / 查理兹·塞...,2015,澳大利亚 美国,动作 科幻 冒险,8.7,0,,https://movie.douban.com/subject/3592854/
爱乐之城,/ 星声梦里人(港)  /  乐来越爱你(台),达米恩·查泽雷 Damien Chazelle,瑞恩·高斯林 Ryan Gosling /...,2016,美国,剧情 爱情 歌舞,8.4,0,,https://movie.douban.com/subject/25934014/
可可西里,/ Kekexili: Mountain Patrol,陆川 Chuan Lu,多布杰 Duobujie / 张磊 Lei Zhang / 亓亮 Qi L...,2004,中国大陆 中国香港,剧情 犯罪,8.9,0,,https://movie.douban.com/subject/1308857/
你看起来好像很好吃,/ 你看起来很好吃(台)  /  你看上去好像很好吃,藤森雅也 Masaya Fujimori,山口胜平 Kappei Yamaguchi / 爱河...,2010,日本,剧情 动画 儿童,8.9,0,,https://movie.douban.com/subject/4848115/
贫民窟的百万富翁,/ 一百万零一夜(港)  /  贫民百万富翁(台),丹尼·鲍尔 Danny Boyle / 洛芙琳·坦丹 Loveleen Tandan,戴夫...,2008,英国,剧情 爱情,8.6,0,,https://movie.douban.com/subject/2209573/
波西米亚狂想曲,/ 波希米亚狂想曲：摇滚传说(港)  /  波希米亚狂想曲(台),布莱恩·辛格 Bryan Singer,拉米·马雷克 Rami Malek / 本·哈...,2018,英国 美国,剧情 传记 同性 音乐,8.6,0,,https://movie.douban.com/subject/5300054/
城市之光,/ City Lights: A Comedy Romance in Pantomime  /  Lichter der Großstadt,查理·卓别林 Charles Chaplin,查理·卓别林 Charles Chaplin ...,1931,美国,喜剧 剧情 爱情,9.3,0,,https://movie.douban.com/subject/1293908/
爆裂鼓手,/ 鼓动真我(港)  /  进击的鼓手(台),达米恩·查泽雷 Damien Chazelle,迈尔斯·特勒 Miles Teller /...,2014,美国,剧情 音乐,8.6,0,,https://movie.douban.com/subject/25773932/
青蛇,/ Green Snake,徐克 Hark Tsui,张曼玉 Maggie Cheung / 王祖贤 Joey Wang / ...,1993,中国香港 中国大陆,剧情 爱情 奇幻 古装,8.6,0,,https://movie.douban.com/subject/1303394/
东邪西毒,/ Ashes of Time,王家卫 Kar Wai Wong,张国荣 Leslie Cheung / 林青霞 Brigitte...,1994,中国香港 中国台湾,剧情 动作 爱情 武侠 古装,8.6,0,,https://movie.douban.com/subject/1292328/
哈利·波特与死亡圣器(上),/ 哈利波特7：死神的圣物1(港 / 台),大卫·叶茨 David Yates,丹尼尔·雷德克里夫 Daniel Radcliffe...,2010,英国 美国,奇幻 冒险,8.6,0,,https://movie.douban.com/subject/2051007/
无耻混蛋,/ 希魔撞正杀人狂(港)  /  恶棍特工(台),昆汀·塔伦蒂诺 Quentin Tarantino,布拉德·皮特 Brad Pitt / ...,2009,德国 美国,剧情 犯罪,8.7,0,,https://movie.douban.com/subject/1438652/
终结者2：审判日,/ 未来战士2(港)  /  魔鬼终结者2(台),詹姆斯·卡梅隆 James Cameron,阿诺·施瓦辛格 Arnold Schwarz...,1991,美国 法国,动作 科幻,8.8,0,,https://movie.douban.com/subject/1291844/
大红灯笼高高挂,/ Raise The Red Lantern  /  Épouses et concubines,张艺谋 Yimou Zhang,巩俐 Li Gong / 马精武 Jingwu Ma / 何赛...,1991,中国大陆 中国香港 中国台湾,剧情,8.8,0,,https://movie.douban.com/subject/1293323/
黑天鹅,/ 夺命黑天鹅  /  霸王别鹅(豆友译名),达伦·阿罗诺夫斯基 Darren Aronofsky,娜塔莉·波特曼 Natalie...,2010,美国,剧情 惊悚,8.6,0,,https://movie.douban.com/subject/1978709/
新龙门客栈,/ New Dragon Gate Inn,李惠民 Raymond Lee,张曼玉 Maggie Cheung / 林青霞 Brigitte ...,1992,中国香港 中国大陆,动作 爱情 武侠 古装,8.7,0,,https://movie.douban.com/subject/1292287/
初恋这件小事,/ 初恋那件小事(港)  /  暗恋那点小事,普特鹏·普罗萨卡·那·萨克那卡林 Puttipong Promsaka Na Sakolnakorn / 华森·波克彭...,,2010,泰国,剧情 喜剧 爱情,8.5,0,,https://movie.douban.com/subject/4739952/
人工智能,/ AI人工智慧,史蒂文·斯皮尔伯格 Steven Spielberg,海利·乔·奥斯蒙 Haley...,2001,美国,剧情 科幻,8.7,0,,https://movie.douban.com/subject/1302827/
千钧一发,/ 变种异煞(港)  /  自然人,安德鲁·尼科尔 Andrew Niccol,伊桑·霍克 Ethan Hawke / 乌玛...,1997,美国,剧情 科幻 惊悚,8.8,0,,https://movie.douban.com/subject/1300117/
崖上的波妞,/ 悬崖上的金鱼姬  /  悬崖上的金鱼公主,宫崎骏 Hayao Miyazaki,奈良柚莉爱 Yuria Nara / 土井洋辉 Hir...,2008,日本,动画 奇幻 冒险,8.6,0,,https://movie.douban.com/subject/1959877/
雨人,/ 手足情未了(港)  /  手足情深,巴瑞·莱文森 Barry Levinson,达斯汀·霍夫曼 Dustin Hoffman ...,1988,美国,剧情,8.7,0,,https://movie.douban.com/subject/1291870/
虎口脱险,/ 横冲直撞出重围(港)  /  大進擊(台),杰拉尔·乌里 Gérard Oury,路易·德·菲耐斯 Louis de Funès...,1966,法国 英国,喜剧 战争,8.9,0,,https://movie.douban.com/subject/1296909/
哈利·波特与凤凰社,/ 哈利波特5：凤凰会的密令(港 / 台),大卫·叶茨 David Yates,丹尼尔·雷德克里夫 Daniel Radcliffe...,2007,英国 美国,奇幻 冒险,8.6,0,,https://movie.douban.com/subject/1457217/
彗星来的那一夜,/ 相干性  /  相干效应,詹姆斯·沃德·布柯特 James Ward Byrkit,艾米丽·芭尔多尼 Em...,2013,美国 英国,科幻 悬疑 惊悚,8.6,0,,https://movie.douban.com/subject/25807345/
罗生门,/ Rashomon,黑泽明 Akira Kurosawa,三船敏郎 Toshirô Mifune / 京町子 ...,1950,日本,剧情 犯罪 悬疑,8.8,0,,https://movie.douban.com/subject/1291879/
海边的曼彻斯特,/ 情系海边之城(港),肯尼斯·罗纳根 Kenneth Lonergan,卡西·阿弗莱克 Casey Affle...,2016,美国,剧情 家庭,8.6,0,,https://movie.douban.com/subject/25980443/
恋恋笔记本,/ 忘了·忘不了(港)  /  手札情缘(台),尼克·卡索维茨 Nick Cassavetes,瑞恩·高斯林 Ryan Gosling /...,2004,美国,剧情 爱情,8.5,0,,https://movie.douban.com/subject/1309163/
真爱至上,/ 真的恋爱了(港)  /  爱是您，爱是我(台),理查德·柯蒂斯 Richard Curtis,休·格兰特 Hugh Grant / 连姆...,2003,英国 美国 法国,喜剧 剧情 爱情,8.5,0,,https://movie.douban.com/subject/1292401/
火星救援,/ 火星任务(港)  /  绝地救援(台),雷德利·斯科特 Ridley Scott,马特·达蒙 Matt Damon / 杰西卡...,2015,英国 美国 匈牙利 约旦,剧情 科幻 冒险,8.5,0,,https://movie.douban.com/subject/25864085/
黑客帝国2：重装上阵,/ 22世纪杀人网络2：决战未来(港)  /  骇客任务：重装上阵(台),拉娜·沃卓斯基 Lana Wachowski / 莉莉·沃卓斯基 Lilly Wachowski   ...,,2003,美国,动作 科幻,8.7,0,,https://movie.douban.com/subject/1304141/
冰雪奇缘,/ 魔雪奇缘(港)  /  冰雪大冒险,克里斯·巴克 Chris Buck / 珍妮弗·李 Jennifer Lee,克里斯汀...,2013,美国,喜剧 动画 奇幻 歌舞,8.5,0,,https://movie.douban.com/subject/4202982/
步履不停,/ 横山家之味(港 / 台),是枝裕和 Hirokazu Koreeda,阿部宽 Hiroshi Abe / 夏川结衣 Yu...,2008,日本,剧情 家庭,8.8,0,,https://movie.douban.com/subject/2222996/
奇迹男孩,/ 奇迹,斯蒂芬·卓博斯基 Stephen Chbosky,雅各布·特伦布莱 Jacob Tr...,2017,美国 中国香港,剧情 儿童 家庭,8.6,0,,https://movie.douban.com/subject/26787574/
千年女优,/ Millennium Actress,今敏 Satoshi Kon,庄司美代子 Miyoko Shôji / 小山茉美 Mam...,2001,日本,动画 剧情 爱情,8.8,0,,https://movie.douban.com/subject/1307394/
战争之王,/ 军火之王(台 / 港),安德鲁·尼科尔 Andrew Niccol,尼古拉斯·凯奇 Nicolas Cage /...,2005,美国 德国,剧情 犯罪,8.7,0,,https://movie.douban.com/subject/1419936/
谍影重重2,/ 叛谍追击2：机密圈套(港)  /  神鬼认证：神鬼疑云(台),保罗·格林格拉斯 Paul Greengrass,马特·达蒙 Matt Damon / ...,2004,美国 德国,动作 悬疑 惊悚,8.7,0,,https://movie.douban.com/subject/1308767/
蜘蛛侠：平行宇宙,/ 蜘蛛侠：新纪元  /  蜘蛛人：新宇宙(台),鲍勃·佩尔西凯蒂 Bob Persichetti / 彼得·拉姆齐 Peter Ramsey   主...,,2018,美国,动作 科幻 动画 冒险,8.6,0,,https://movie.douban.com/subject/26374197/
攻壳机动队,/ Ghost in the Shell,押井守 Mamoru Oshii,田中敦子 Atsuko Tanaka / 大冢明夫 Akio...,1995,日本,动作 科幻 动画,9.0,0,,https://movie.douban.com/subject/1291936/
血钻,/ 血钻石(台)  /  血腥钻石,爱德华·兹威克 Edward Zwick,莱昂纳多·迪卡普里奥 Leonardo ...,2006,美国 德国 英国,剧情 惊悚 冒险,8.7,0,,https://movie.douban.com/subject/1428175/
小姐,/ 下女诱罪(港)  /  下女的诱惑(台),朴赞郁 Chan-wook Park,金敏喜 Min-hee Kim / 金泰梨 Tae-ri K...,2016,韩国,剧情 悬疑 情色 同性,8.5,0,,https://movie.douban.com/subject/25977027/
隐藏人物,/ NASA无名英雌(港)  /  关键少数(台),特奥多尔·梅尔菲 Theodore Melfi,塔拉吉·P·汉森 Taraji P. ...,2016,美国,剧情 传记 历史,8.9,0,,https://movie.douban.com/subject/26615208/
魂断蓝桥,/ 滑铁卢桥  /  断桥残梦,茂文·勒鲁瓦 Mervyn LeRoy,费雯·丽 Vivien Leigh / 罗伯特·...,1940,美国,剧情 爱情 战争,8.8,0,,https://movie.douban.com/subject/1293964/
血观音,"/ 修罗花  /  The Bold, the Corrupt, and the Beautiful",杨雅喆 Ya-che Yang,惠英红 Kara Wai Ying Hung / 吴可熙 Wu K...,2017,中国台湾,剧情 悬疑,8.6,0,,https://movie.douban.com/subject/27113517/
房间,/ 不存在的房间(台)  /  抖室(港),伦尼·阿伯拉罕森 Lenny Abrahamson,布丽·拉尔森 Brie Larson...,2015,爱尔兰 加拿大 英国 美国,剧情 家庭,8.7,0,,https://movie.douban.com/subject/25724855/
